metric,real_test,no_game_joint,qre,lower_stackelberg,upper_stackelberg,nash
bass_melodic_interval_js,,0.005900,0.004951,0.006242,0.005623,0.067153
harmonic_interval_js,,0.007332,0.028789,0.012357,0.007486,0.084715
hold_ratio_gap,,0.014786,0.010321,0.034367,0.031831,0.210656
mean_voice_distance_gap,,0.187996,0.256309,0.372054,0.064271,0.318951
pitch_class_js,,0.001124,0.005032,0.000886,0.002841,0.047688
pitch_entropy_gap,,0.027990,0.129482,0.004326,0.017666,0.337981
soprano_melodic_interval_js,,0.006092,0.004903,0.005357,0.005524,0.043195
unique_3gram_ratio_gap,,0.116991,0.167599,0.081328,0.077720,0.486802
voice_distance_js,,0.009404,0.033197,0.014316,0.009862,0.100913
hold_ratio,0.756217,0.771002,0.766538,0.790584,0.788048,0.966873
pitch_entropy,3.394889,3.422879,3.265407,3.390563,3.377224,3.056909
unique_3gram_ratio,0.569775,0.686766,0.737374,0.651103,0.647495,0.082973
mean_voice_distance,19.650117,19.462121,19.393808,19.278063,19.714388,19.969067
