method,metric,observed_delta,ci_low,ci_high,interpretation
qre,bass_melodic_interval_js,-0.000949,-0.002448,0.000600,ci_crosses_zero
qre,harmonic_interval_js,0.021457,0.016460,0.026333,no_game_better
qre,hold_ratio_gap,-0.004464,-0.011262,0.002131,ci_crosses_zero
qre,mean_voice_distance_gap,0.068313,-0.333613,0.426239,ci_crosses_zero
qre,pitch_class_js,0.003908,0.000613,0.008665,no_game_better
qre,pitch_entropy_gap,0.101492,0.071002,0.161801,no_game_better
qre,soprano_melodic_interval_js,-0.001189,-0.002495,0.000190,ci_crosses_zero
qre,unique_3gram_ratio_gap,0.050608,0.031952,0.069882,no_game_better
qre,voice_distance_js,0.023794,0.017931,0.028960,no_game_better
lower_stackelberg,bass_melodic_interval_js,0.000342,-0.001274,0.002029,ci_crosses_zero
lower_stackelberg,harmonic_interval_js,0.005025,0.000097,0.010391,no_game_better
lower_stackelberg,hold_ratio_gap,0.019582,0.010958,0.028003,no_game_better
lower_stackelberg,mean_voice_distance_gap,0.184058,-0.282550,0.589166,ci_crosses_zero
lower_stackelberg,pitch_class_js,-0.000239,-0.002173,0.001916,ci_crosses_zero
lower_stackelberg,pitch_entropy_gap,-0.023664,-0.038636,0.035391,ci_crosses_zero
lower_stackelberg,soprano_melodic_interval_js,-0.000735,-0.002500,0.001109,ci_crosses_zero
lower_stackelberg,unique_3gram_ratio_gap,-0.035663,-0.056277,-0.015255,method_better
lower_stackelberg,voice_distance_js,0.004912,-0.000612,0.011495,ci_crosses_zero
upper_stackelberg,bass_melodic_interval_js,-0.000277,-0.001940,0.001491,ci_crosses_zero
upper_stackelberg,harmonic_interval_js,0.000153,-0.003448,0.003990,ci_crosses_zero
upper_stackelberg,hold_ratio_gap,0.017045,0.008929,0.025213,no_game_better
upper_stackelberg,mean_voice_distance_gap,-0.123724,-0.429558,0.280560,ci_crosses_zero
upper_stackelberg,pitch_class_js,0.001717,-0.000596,0.005168,ci_crosses_zero
upper_stackelberg,pitch_entropy_gap,-0.010324,-0.035588,0.048203,ci_crosses_zero
upper_stackelberg,soprano_melodic_interval_js,-0.000568,-0.002171,0.001010,ci_crosses_zero
upper_stackelberg,unique_3gram_ratio_gap,-0.039270,-0.061637,-0.016801,method_better
upper_stackelberg,voice_distance_js,0.000458,-0.003954,0.005382,ci_crosses_zero
nash,bass_melodic_interval_js,0.061253,0.053121,0.069750,no_game_better
nash,harmonic_interval_js,0.077382,0.059178,0.119361,no_game_better
nash,hold_ratio_gap,0.195871,0.184253,0.206017,no_game_better
nash,mean_voice_distance_gap,0.130955,-0.338627,1.133600,ci_crosses_zero
nash,pitch_class_js,0.046564,0.032487,0.084122,no_game_better
nash,pitch_entropy_gap,0.309991,0.286746,0.500231,no_game_better
nash,soprano_melodic_interval_js,0.037103,0.031678,0.042946,no_game_better
nash,unique_3gram_ratio_gap,0.369812,0.346515,0.394033,no_game_better
nash,voice_distance_js,0.091509,0.075955,0.138898,no_game_better
